band_num,date_resighted,location,observer,status,comments,Other notes: there are sometimes handwritten notes such as the one in this binder before page 49
1237-28506,1982-06-01,p125,NA,with mate ,"Ignored data: when first banded, mark, capture method, species, capture location",
1237-28506,1982-06-03,p25,NA,with mate ,NA,
1237-28506,1982-06-25,p1,NA,with mate ,NA,
1237-28506,1983-05-03,p19,EJW,with mate ,NA,
1237-28506,1983-05-09,"stubble field #50, #60",NA,with mate ,NA,
1237-28506,1983-05-24,p19,EJW,with mate ,NA,
1237-28514,1982-06-04,p1,NA,with mate ,NA,
1237-28514,1983-04-29,p20,EJW,with mate ,NA,
1237-28514,1983-05-05,n11,ROB,flushed 10 eggs,NA,
1237-28514,1983-05-24,p26A,ROB,with mate ,Pond #26A,
1237-28515,1982-06-01,p125,NA,with mate ,NA,
1237-28515,1982-06-15,p50,NA,with mate ,NA,
1237-28515,1982-06-16,p90,NA,with mate ,NA,
1237-28515,1982-06-22,p125,NA,?,there was a literal question mark ,
1237-28515,1983-05-06,R.O.W near #67,NA,NA,"""Nest #1- nest attempt unsuccessful""",
1237-28515,1983-05-15,p90,ROB,with mate,NA,
1237-28515,1983-05-20,n1 ,JMS,with mate,NA,
1237-28515,1983-05-30,p27,EJW,with mate,NA,
1237-28515,1983-06-01,p26A,EJW,with mate,NA,
1237-28515,1983-07-?,N.E of pond #26 retrapped in nest trap,NA,this bird is an adult,"""Nest #77 (7 egg clutch) retrapped- nest attempt unsuccessful"", day missing from hole punch",
1237-28515,1983-10-12,#1,MRM,feeding with large group,"Does not specify if pond or nest, I would assume pond",
1237-28515,1983-10-18,#1,MRM,feeding with 5 females and 2 males,"""bird removed weed that was caught on nasal tag""",
1237-28515,1984-05-31,#27,JTJ,with male,NA,
1237-28515,1984-05-18,#27,JMS,with male,"""only left side visible and seen as either a blue disc or square-not a positive identification""",
1237-28515,1984-06-11,#27,MRM,with male,NA,
1237-28515,1984-06-13,stubble field S of house,"JEG,JJJ",with male,NA,
1237-28515,1984-06-14,#27,JEG,with male,"""male has wide white neck band""",
1237-28515,1986-09-10,p67,RGC,with 3 males,"""100% identification""",
1237-28515,1986-09-19,p67,RGC,with 1 female (NT) and 22 males,,
1237-28515,1987-05-?,n9,RGC,NA,"""hatched, young web-tagged, 6 years old"", day not given",
1237-28515,1988-04-14,"p24,p27",RGC,paired,"""male not banded""",
1237-28515,1988-04-18,p26,RGC,with male,NA,
1237-28515,1988-04-21,p26,RGC,with male,NA,
1237-28515,1988-05-06,p26,RGC,alone,"""likely on recess""",
1237-28515,1988-05-11,p25,RGC via MG,NA,NA,
1237-28515,1988-05-11,p25,MG,paired,NA,
1237-28515,1988-05-13,p26 N,RGC,NA,NA,
1237-28515,1988-05-25,p26 N,MG,paired,"""caught by Joey""",
1237-28515,1988-05-25,p26,NA,NA,"""recap mass 870g, wing 273, wound in left flank on breast samecoup as 144740290""",
1237-28515,1988-06-03,n36,RGC,NA,NA,
1237-28515,1988-06-17,p65 S,MG,alone,NA,
1237-28515,1988-06-18,p26,NA,NA,NA,
1237-28515,1988-06-23,see comments ,NA,NA,"""in grass between 26 and 26 W""",
1237-28515,1988-07-03,p65 ,RGC,NA,"""w/ 1 IIa""",
1237-28515,1988-07-11,p65,RGC,NA,NA,
1237-28515,1988-07-28,p65 S ,RGC,NA,"""w/ 1 IIa/b""",
1237-28516,1982-06-11,p25,NA,NA,"""first nest site predated-trapped on second nest 7 egg clutch""",
1237-28516,1982-06-15,p25,NA,with mate,NA,
1237-28516,1986-04-12,"p49,p62",RGC,with mate ,"""Not a 100% but 90% certain"", was written as pond4962",
1237-28517,1982-06-01,p25,NA,with mate,NA,
1237-28517,1982-06-02,p1,NA,with mate,NA,
1237-28517,1982-06-03,p1,NA,wtih mate,NA,
1237-28517,1982-06-22,p1,NA,with mate,NA,
1237-28518,1982-06-28,near p124,NA,NA,"""FOUND DEAD"", ""TAG COMBINATION REUSED MAY 14/84""",
1237-28519,1982-06-15,p1,NA,with mate,NA,
1237-28519,1982-06-16,p1,NA,with mate,NA,
1237-28519,1982-06-30,p1,NA,with mate ,NA,
1237-28519,1983-05-20,p1,EJW,with mate ,NA,
1237-28519,1983-06-02,NE of #29,EJW,with mate,I would assume they mean p29,
1237-28519,1983-09-20,#1,EJW,alone,I would assume they mean p1,
1237-28519,1983-09-27,#1,EJW,with 1 female ,NA,
1237-28519,1983-10-05,#1,"EJW,MRM",?,there was a literal question mark,
1237-28519,1983-10-12,#1,MRM,feeding in large group,NA,
1237-28520,NA,NA,NA,NA,"""11 eggs in nest May 19, 10 eggs in nest May 30""",
1237-28520,1982-06-03,p125 S,NA,with mate ,NA,
1237-28520,1982-06-04,p125 S,NA,?,there was a literal question mark,
1237-28520,1982-06-07,p125 S,NA,?,"""nest hatched out"", there was a literal question mark",
1237-28520,1982-06-08,p125 S ,NA,with mate ,"""no brood observed although nest showed evidence of unsuccessful hatch""",
1237-28520,1982-06-18,p125 S ,NA,with mate ,NA,
1237-28520,1983-04-29,p130,EJW,with mate ,NA,
1237-28520,1983-05-02,p130,EJW,with mate,NA,
1237-28520,1983-05-03,p130,EJW,with mate,NA,
1237-28521,NA,NA,NA,NA,there were no data entries on this page,
1237-28522,1983-05-03,p90,ROB,with mate,NA,
1237-28526,1983-04-29,p1,EJW,with mate,NA,
1237-28526,1983-07-04,p97,EJW,"""with brood of 4 (Ia) as min ASY female"" ASY= after second year",,
1237-28528,1982-06-04,p20,NA,with mate,NA,
1237-28528,1982-06-07,p20,NA,with mate ,NA,
1237-28528,1983-05-13,p62,JMS,wtih mate,NA,
1237-28528,1983-05-31,SE lobe of #66,JMS,NA,"""nesting...8 egg clutch...successful hatch nest #18"", does not specify if location was pond or nest ",
1237-28528,1983-05-31,?,ROB,NA,there was a literal question mark ,
1237-28538,1982-06-01,p1,NA,with mate,NA,
1237-28538,1982-06-08,p1,NA,with mate ,NA,
1237-28538,1982-06-15,p1,NA,with mate,NA,
1237-28538,1982-06-16,p1,NA,with mate ,NA,
1237-28538,1982-06-18,p90,NA,with mate ,NA,
1237-28538,1982-06-25,p1,NA,with mate ,NA,
1237-28538,1982-06-29,p1,NA,with mate ,NA,
1237-28538,1982-06-30,"p1,p125",NA,with mate ,NA,
1237-28538,1983-05-16,p1,NA,with mate ,NA,
1237-28538,1983-07-07,old foundation near house,NA,NA,"""nest trapped... 8 egg clutch...successful hatch nest #88...this bird is an adult""",
1237-28554,1983-05-12,p1,ROB,with mate ,NA,
1237-28581,NA,NA,NA,NA,there were no data entries on this page ,
1357-20101,1984-05-05,p1,JEG,with mate ,"""male has no band on left leg""",
1357-20101,1984-05-06,p1,MRM,with mate,"""male has no band on left leg""",
1357-20101,1984-05-21,p1,JTJ,with male,NA,
1357-20101,1985-05-28,n17 (hatched),"JMS,TGJ,JEG",NA,"""Incubating caught with nest trap. This bird was originally banded and nasal tagged on 7 June 1982. When caught on 28 May 1985 her original nasal tag was gone. She was tagged with a new combination (red square-black square)",
1357-20110,NA,NA,NA,NA,there were no data entries on this page ,
1357-20116,1982-06-15,p1,NA,with mate ,NA,
1357-20116,1982-06-25,p25,NA,?,there was a literal question mark ,
1357-20116,1983-05-30,p65,EJW,with mate,NA,
1357-20116,1984-04-30,p50,MRM,with mate ,"""yellow disc-yellow disc chased by male that is paired with red tri-yellow - yellow tri...yellow disc-yellow disc pair flew around slough, landed in middle, swam back to NE corner...an unmarked pair chased yellow disc-yellow disc when in pond middle""",
1357-20116,1984-05-06,p50,MRM,with mate ,"""flushed from stubble E of #50""",
1357-20116,"1984-05-10, 0915-0920",flushed from nature prairie N of #65 and flew into #65,JEG,with male,"""landed in #65, female swam into shore veg, male stayed in open water just in front of her. Female stayed in veg for 3 min then joined male. Male approached lone female orange tri-yellow tri- she flushed and male followed her over prairie then circled back and joined his female""",
1357-20116,"1984-05-10, 0913,0950",p66,JMS,with male,"there were random numbers placed in the date section, I think this is time",
1357-20116,1984-05-14,#50,"JMS,JTJ",NA,I assume they mean pond 50,
1357-20116,1984-05-16,#50,"JEG,JTJ",with male,NA,
1357-20116,1984-05-25,#50,"JEG,JTJ",with male,NA,
1357-20116,1984-05-27,#50,JEG,with male,NA,
1357-20116,1984-07-05,#50,"JEG,JMS",with marked female mal (white tri-blue tri),NA,
1357-20116,1984-07-12,#50,JTJ,alone,NA,
1357-20116,1984-07-17,#50,"JTJ,JMS",alone,NA,
1357-20116,1985-04-22,3rd pond S of xroads,JMS,with male ,I assume they mean cross-roads,
1357-20117,1982-06-22,p50,NA,with mate ,NA,
1357-20117,1983-04-22,pond S of xroads,EJW,with mate ,NA,
1357-20117,1983-04-28,pond S of xroads,NA,with mate ,NA,
1357-20117,1983-05-12,pond S of xroads,NA,with mate ,NA,
1357-20117,1983-05-15,pond S of xroads,ROB,with mate ,NA,
1357-20117,1983-05-16,pond S of xroads,JMS,with mate,NA,
1357-20118,1982-06-15,p90,NA,with mate ,NA,
1357-20118,1982-06-16,p90,NA,with mate ,NA,
1357-20118,1983-04-29,p2,EJW,?,there was a literal question mark ,
1357-20118,1983-05-04,#2,EJW,?,"there was a literal question mark, I would assume they mean p2",
1357-20118,1983-05-12,pond S of xroads,JEG,with mate ,"""FOUND DEAD 2 June 1983 S.E. corner of island on pond #1""",
1357-20122,1982-06-15,p1,NA,with mate ,NA,
1357-20122,1982-06-18,p1,NA,with mate ,NA,
1357-20122,1983-08-17,p125,EJW,with 3 yng (IIe or III),NA,
1357-20122,1984-07-24,p65,"MRM,JEG,JMS,JTJ",NA,"""? uncertain-brood patch uncertain-bird caught in drive trap- original tags missing-new tag combination put on: yellow tri-white disc""",
1357-20122,1984-07-26,p1,JEG,with 2 yng (Ie),NA,
1357-20122,1984-08-01,p125,JEG,with 4 yng (Ie or IIa),NA,
1357-20122,1984-08-02,p125,JEG,with 4 yng ,NA,
1357-20122,1984-08-08,p125,"MRM,JEG,JTJ",with 4 yng (Ie),"""3 yng caught by dogs and released unmarked""",
1357-20122,1984-08-14,p125,MRM,with 4 yng (Ie),NA,
1357-20122,1984-08-22,p125,"MRM,JEG,JTJ",with 4 yng (IIa),"""4 yng (1 female and 3 males) caught by dogs and released unmarked and untagged""",
1357-20123,1984-05-25,p1,JEG,with male,NA,
1357-20125,1983-04-29,p1,EJW,with mate,NA,
1357-20129,NA,NA,NA,NA,there are no data entries on this page,
1357-20130,NA,NA,NA,NA,there are no data entries on this page,
1357-20132,1982-06-18,p25,NA,with mate,NA,
1357-20133,NA,NA,NA,NA,"""original tag lost-retrapped, remarked on 21 May 1985 refer to page 88""",
1357-20136,NA,NA,NA,NA,there are no data entries on this page,
1357-20139,1982-09-16,p66 0900,NA,NA,"""with yng male and ? age female"", random number beside pond number ",
1357-20139,1983-05-12,p25,JEG,with mate ,NA,
1357-20139,1986-06-04,n8 (8 eggs)(nest trapped),RGC,NA,"""lost original nasal tags, given new set and a yellow plastic leg band on left leg =24+ days incubation (weight 800g)",
1357-20139,1986-06-07,n8,RGC,DEAD,"""head ripped off, breast plucked, head cleaned off; eggs ok-nasal tags removed and to be reused""",
1357-20141,NA,NA,NA,NA,there are no data entries on this page,
1357-20143,1983-04-29,p26,EJW,with mate ,NA,
1357-20143,1983-05-20,p26,ROB,with mate ,NA,
1357-20143,1983-05-31,p26,JMS,with mate ,NA,
1357-20143,1983-06-01,p26,EJW,with mate ,NA,
1357-20143,1984-04-11,p26,EJW,with male,NA,
1357-20143,1984-04-13,p46,"EJW,MRM",with male ,"""male w/o leg band-female with leg band""",
1357-20143,1984-04-15,p26,MRM,with 3 males ,"""possible mate exchange- after female swan off with unmarked male, leg banded male flew over and lot male swam away-2nd unmarked male also joined- leg banded male drove him off- then all 3 began to interact- mild chaos, threats. 2 grunt-whistled, flight displays- a pair swarm by and lot unmarked male swam to them- he and paired drake raised bills and quacked- then lot male swam off- paired male stayed with female- males raised crest when female present- leg banded male who was threatened by female- male pecked at her but stayed near her-both sitting on veg at end of observ.",
1357-20143,1984-05-10,p26,"JMS,JTJ",with male,NA,
1357-20143,1984-05-11,p26,JEG,with male ,"""loafing in floating veg. in NE corner of slough""",
1357-20145,NA,NA,NA,NA,"""DEAD shot- Duck Lake, Sask. 2 Nov 1982""",
1357-20146,NA,NA,NA,NA,there are no data entries on this page,
1357-20110,1983-05-04,p25,EJW,with mate,NA,
1357-20110,1983-05-06,p25,EJW,alone,NA,
1357-20169,1983-05-09,p65,EJW,with mate ,NA,
1357-20169,1983-05-12,pond S of xroads,EJW,with mate ,NA,
1357-20169,1983-05-18,p65,JMS,with mate ,NA,
1357-20169,1984-04-15,p1,MRM,with mate,"""male has no leg band""",
1357-20169,1984-04-16,p65,MRM,with mate ,NA,
1357-20175,1983-05-16,p20,JMS,with mate ,NA,
1357-20175,1983-05-17,p26,NA,with mate ,NA,
1357-20175,1983-05-30,p20,JMS,with mate ,NA,
1357-20177,1983-05-16,p90,JMS,with mate ,NA,
1357-20177,1983-05-19,p90,JMS,with mate ,NA,
1357-20177,1983-06-20,p67,JMS,with mate ,NA,
1357-20177,1983-06-27,p67,JMS,with mate ,NA,
1357-20181,NA,NA,NA,NA,"""DEAD shot 12 Dec. 1983, Texas""",
1357-20197,1985-07-23,n148,"JMS,RGC",NA,"""Nest hatched 26 July '85, 8 young, young not web-tagged"".There is a sticky not attached: ""1985 update by EHD Feb 13/93""",
1237-46495,1983-06-13,p66,JMS,with male,NA,
1237-46495,1984-04-26,p26,MRM,with male ,"""male has band on right leg""",
1237-46495,1984-05-01,p79 W,"MRM,JEG",with male ,"""male has band on right leg""",
1237-46495,"1984-05-03, 0940",p79 W,MRM,with male ,NA,
1237-46495,"1984-05-03, 1238",p65,"MRM,JEG",with male ,"""male has band on right leg""",
1237-46495,1984-05-04,p79 W,JEG,with male ,"""male has band on right leg""",
1237-46495,1984-05-04,p79 W,MRM,with leg banded male,"""flew to pond #65""",
1237-46495,1984-05-05,p79 W,JEG,with male ,NA,
1237-46495,1984-05-10,p65,JEG,alone,"""this bird was probably flushed by another observer- she landed in the middle of #65 where yellow disc- yellow disc and her male were along the East shore- male with yellow disc-yellow disc swam toward this bird- she flushed and was followed by the male for a short distance- he circled back and landed beside his female- this female flew South-West- did not see where or if she landed""",
1237-46495,1984-05-14,p65,JEG,with male ,"""male charge 2 males, chased them in flight, retuned to female""",
1237-46495,1984-05-16,p65,"JEG,JTJ",with male ,NA,
1237-46495,1984-05-21,p79 W,JTJ,with male,NA,
1237-46495,1984-05-22,p66,MRM,NA,NA,
1237-46495,1984-05-25,p79 W,JMS,with male ,NA,
1237-46495,1984-06-01,p79 W,JEG,with male ,NA,
1237-46496,NA,NA,NA,NA,there are no data entries on this page,
1167-44221,1984-04-30,#50,MRM,with mate ,"""male with red tri-yellow tri chased marked female mall (yellow disc-yellow disc) - red tri-yellow tri quacked incessantly after male chased after marked female"" ",
1167-44221,1984-05-11,p50,JEG,with male,"""male sitting in open water a few feet from female who is loafing just inside edge vegetation-male frequently head pumping- male swam toward lone male who left general area - male returned to area near marked female""",
1167-44230,1983-09-27,#125,EJW,"in group of 7 males, 1 female",NA,
1167-44245,NA,NA,NA,NA,"""DEAD shot 1 Nov 1983, Minnesota""",
1167-44258,NA,NA,NA,NA,there are no data entries on this page,
1167-44271,NA,NA,NA,NA,there are no data entries on this page,
1167-44273,NA,NA,NA,NA,there are no data entries on this page,
1167-44293,1984-04-11,N end of pond #25,EJW,sitting alone on pond... joined by 2 males when flushed ,,
1167-44294,NA,NA,NA,NA,there are no data entries on this page ,
1167-44295,1984-06-19,Nest #54 S of 40,"JEG,MRM,JMS,JTJ",in nest with 9 eggs ,"""fitted with transmitter (531) nest abandoned ",
1167-44295,1984-06-20,p25,JEG,alone,flushed from NW corner of slough by observers ,
1167-44295,"1984-06-21, 0700",p26 or 25,JEG,unknown ,did not see bird ,
1167-44295,"1984-06-21, 1020",NW of house from slough just off area ,JEG,unknown ,bird not seen ,
1167-44295,1984-06-22,p20,JEG,unknown ,bird not seen ,
1167-44295,"1984-06-25, 0730","signal picked up from house- coming from 66,67 or 65","MRM, JEG",unknown ,bird not observed ,
1167-44295,"1984-06-25, 0900",slough off SE corner of area ,"MRM,JEG",unknown ,bird not observed ,
1167-44295,1984-06-26,slough off SE corner of area ,"MRM,JEG",alone,bird flushed by observers ,
1167-44295,1984-06-27,p90,JEG,unknown ,bird not observed ,
1167-44295,1984-06-28,p90,JEG,unknown ,bird not observed ,
1167-44295,1984-06-29,slough off NE corner of area ,JMS,unknown ,bird not observed ,
1167-44295,1984-07-03,slough off NE corner of area ,"MRM,JEG",unknown ,bird not observed ,
1167-44295,1984-07-04,p90,JMS,unknown ,bird not observed ,
1167-44295,1984-07-05,slough off NE corner of area ,JEG,unknown ,bird not observed ,
1167-44295,1984-07-10,slough off SE corner of area ,"JEG, JTJ",unknown ,"bird not observed""",
1167-44295,1984-07-12,slough 1km E of SE corner of area ,JMS,NA,NA,
1167-44295,1984-07-17,same as above,JMS,NA,I think they mean that this bird was also near slough 1km E of SE corner of area ,
1167-44296,NA,NA,NA,NA,there are no data entries on this page ,
1337-44601,1985-07-22,pond #8143,"TGJ,EHD,AMT,HBI",NA,"""feining when observed""",
1337-44604,1984-04-21,p86,MRM,with male ,NA,
1337-44604,1984-06-20,slough across road (South) of 90 S,JEG,with male ,NA,
1337-44610,NA,NA,NA,NA,there are no data entries on this page ,
1337-44658,1985-05-16,p79 E,"JEG,JMS",with male ,"""shot: 24 November 1985, Pommdeterre Lake, Missouri w/ male 1337-44867""",
1337-44673,NA,NA,NA,NA,there are no data entries on this page ,
1337-44685,NA,NA,NA,NA,there are no data entries on this page ,
1337-44686,1984-06-17,#79,JTJ,alone,NA,
1337-44686,1984-06-18,#79,JEG,alone,NA,
1337-44700,"1984-06-19,0700",p66,JEG,with 8 ducklings (IIb),"""n=10 yng, hatch date =25 May""",
1337-44700,"1984-06-19, 2015",p65,JEG,with 8 yng,NA,
1337-44700,1984-06-20,p66,JEG,with 7 yng,NA,
1337-44700,1984-06-26,p65,JEG,with 7 yng (IIc),"""32 days after hatch""",
1337-44700,1984-07-03,p65,JTJ,brood not seen,NA,
1337-44700,1984-07-09,p65,JMS,NA,NA,
1337-44700,1984-07-11,p65,"MRM,JEG,JMS,JTJ",5 yng caught in drive trap (2 females and 3 males),"""47 days after hatch""",
1337-44700,1984-08-01,p50,JEG,loafing on mudfloat with 6 males and 10 hens or juv (all unmarked),,
1337-44700,1984-08-02,p50,JMS,with orange y-white y and blue y-orange y,,
1337-44728,1984-07-23,p1,JMS,?,NA,
1337-44733,1984-06-05,n21 NW hayfield,"MRM,JEG,JMS,JTJ",flushed from nest ,"""transmitter apparently dead- no signal radio still on bird""",
1337-44733,1984-06-11,slough partially in NW corner of area,"MRM,JMS,JTJ",?,"bird not seen- she as able to remove transmitter, transmitter recovered"" ",
1337-44733,1984-07-05,p50,"JEG,JMS",with marked female mal (yellow disc-yellow disc),NA,
1337-44733,1984-07-12,p50,JTJ,alone,NA,
1337-44733,1985-05-14,n50 (3 eggs) 15 m NW of pond 39,"JEG,JMS,BWJ",flushed from nest ,NA,
1337-44733,1985-06-11,n50 (10 eggs),JMS,trapped on nest ,"""nest apparently hatched when visited June 19"",""no young web tagged""",
1337-44733,1985-07-08,p50,EHD,alone,"""acting broody, feigning""",
1337-44733,1985-08-08,p66,"TGJ,JBI",NA,NA,
1337-44733,1985-08-08,p50,RGC,NA,"""no brood seen"", seen is underlined ",
1337-44733,1985-08-13,p66,"TGJ,EHD",NA,NA,
1337-44733,1987-10-14,p25,RGC,alone,NA,
1337-44734,1984-06-05,hayfield W of 79,"MRM,JMS,JEG,JTJ",? alone,"""flushed from hayfield""",
1337-44734,1984-06-07,"large slough 1km S, .75 km W of main grid road undersection at South end of area ","JEG,JTJ",?,"""did not see bird-picked up signal only""",
1337-44734,1984-06-11,same as above,"MRM,JMS,JTJ",?,"""bird not seen-transmitter recovered-bird removed transmitter""",
1337-44734,1984-07-26,p65,"JMS,JTJ",with 4 yng (Ib),NA,
1337-44734,1984-08-14,p25,MRM,NA,NA,
1337-44746,"1984-06-14, 0730",n25 N of #1,"JEG,JMS,JTJ",on nest ,"""hatch 14 June - 9 eggs all hatch""",
1337-44746,"1984-06-14, 1400",p125,"JEG,JMS",with at least 6 young ,NA,
1337-44746,1984-06-15,p125,"JEG,JMS",transmitter signal picked up... female not seen ... at least 5 yng (one of these was dead in drive trap),,
1337-44746,1984-06-16,p125,JTJ,at least 5 yng,NA,
1337-44746,1984-06-18,p125,JEG,8 ducklings feeding in open with female (1130) radio 10 hanging from birds neck- back loop is hanging free,NA,
1337-44746,1984-06-19,p125,JEG,8 ducklings feeding... female not visible ,NA,
1337-44746,1984-06-20,p125,JEG,8 ducklings... female not visible,NA,
1337-44746,1984-06-21,p125,"JEG,MRM",no yng visible ,NA,
1337-44746,1984-06-25,p124,"JTJ,JMS",NA,NA,
1337-44746,"1984-06-26,1015",signal from slough off area - E of 94,"MRM,JEG",not observed,NA,
1337-44746,"1984-06-26, 1915",p125,JEG,with 8 young,NA,
1337-44746,"1984-06-27, 0655",p125,JEG,no yng visible ,"""female flushed from hayfield about 20 m N of N end of slough""",
1337-44746,"1984-06-27, 2055",p125,JEG,6 yng visible ,"""female flushed from trail beside 125 and flew into slough""",
1337-44746,"1984-06-28, 0640",S end of #125,JEG,no yng visible ,NA,
1337-44746,1984-06-29,p125,JMS,NA,"""bird not seen""",
1337-44746,1984-07-03,p125,"MRM,JEG",8 young (IIa),"""female flushed by observers- at lease one foot is tangled in back loop of radio"", ""20 days after hatch""",
1337-44746,1984-07-04,p125,JMS,NA,NA,
1337-44746,1984-07-05,p125,JEG,4 yng.,NA,
1337-44746,1984-07-10,p125,"JEG,MRM",NA,"""bird flushed by observers- feet no longer caught in back harness""",
1337-44746,1984-07-12,island on pd. #1,JMS,?,"""bird not seen- no brood observed""",
1337-44746,1984-07-16,N end of pd #1,JEG,NA,"""bird not seen""",
1337-44746,1984-07-17,island on pd. #1,JMS,NA,"""bird not seen""",
1337-44746,1984-07-23,N end of pd #1,JMS,NA,NA,
1337-44746,1984-07-26,p125,JEG,alone,"""observed bird feeding- radio still hanging from neck""",
1337-44746,1984-07-31,p125,JMS,NA,NA,
1337-44746,1984-08-01,flew from #1 to #125,JEG,NA,NA,
1337-44746,1985-06-20,6847,JEG,with brood of 10 young (class Ib),,
1337-44751,"1984-06-26, 0715",signal coming from E of house ,"MRM,JEG",unknown ,"""bird not seen""",
1337-44751,"1984-06-26, 0740","4th slough 1/2 mi N of area, E side of grid road\","MRM, HEG",alone,"""bird flushed, flew S 1/2 mi to another slough along road""",
1337-44751,"1984-06-26, 1330",off area- same general area as above,"MRM,JEG",unknown ,"""bird not seen""",
1337-44751,"1984-06-26, 1850",signal coming from East of house ,JEG,unknown ,"""bird not seen""",
1337-44751,"1984-06-27, 0530","N of house, along grid road",JEG,unknown ,"""bird not seen""",
1337-44751,"1984-06-27, 1200",same as 26 June 0740 observation,JEG,alone,"""her nest is destroyed""",
1337-44751,"1984-06-27, 2020","N of house, along grid road",JEG,unknown ,"""bird not seen""",
1337-44751,"1984-06-28, 0530",same as above,JEG,unknown ,"""bird not seen""",
1337-44751,"1984-06-28, 0930",slough 1/2 mi N of area on E side ,JTJ,alone,"""flushed, flew onto study area, vicinity of her nest site""",
1337-44751,1984-06-29,slough 1km N of area E side of grid road,JMS,unknown ,"""bird not seen""",
1337-44751,"1984-07-03, 0730","N of house, off area","MRM, JEG",unknown ,"""bird not seen""",
1337-44751,"1984-07-04, 0915",1km N of house along grid road,JMS,NA,NA,
1337-44751,1984-07-05,"N of house, off area",JEG,unknown ,"""bird not seen""",
1337-44751,1984-07-09,slough 1km N of house ,JMS,alone,"""bird flushed by observer""",
1337-44751,1984-07-10,same as above,JEG,unknown ,"""bird not seen""",
1337-44751,1984-07-12,1 1/4 mi NW of house,JMS,NA,NA,
1337-44751,1984-07-17,on slough off NW corner of area ,JMS,NA,NA,
1337-44751,1984-07-19,on slough 1 mi N and 1 mi W of area,"JMS,JEG",NA,"""bird not seen""",
1337-44751,1984-07-23,1 1/4 mi NW of house,JMS,NA,NA,
1337-44751,1984-07-26,2 mi WNW of house,JMS,NA,NA,
1337-44751,1984-07-31,1 1/2 mi NW of house,JMS,NA,NA,
1337-44752,NA,NA,NA,NA,"""THIS BIRD HATCHED FROM NEST #2. THE ADULT FEMALE OF NEST #2 IS BLUE TRI-BLUE TRI""",
1337-44752,1984-07-24,p65,"JMS,MRM,JEG,JTJ",caught by dogs while drive trapping ,NA,
1337-44752,1984-08-02,P50,JMS,with blue tri-blue tri and blue y-orange y,NA,
1337-44755,NA,NA,NA,NA,"""THIS BIRD HATCHED FROM NEST #2. THE ADULT FEMALE OF NEST #2 IS BLUE TRI-BLUE TRI""",
1337-44755,1984-08-02,p50,JMS,with blue tri-blue tri and orange y-white y,NA,
1337-44755,1984-09-24,p65,MRM,(with unmarked female),NA,
1337-44755,1984-10-02,p50,MRM,(with unmarked female),NA,
1337-44755,1995-10-21,NA,NA,NA,"""Tinley Park, Illinois (shot) 11 yrs old"", ""stainless steel pin and a small ball of orange plastic on the right side and an unidentifiable colour was on the left side!"", ""letter returned by hunter who shot bird reported this!""",
1337-44760,NA,NA,NA,NA,"""BIRD RELASED ON POND #1 AFTER BANDING""",
1337-44760,1984-07-26,p125,JEG,with blue y-white y,NA,
1337-44761,NA,NA,NA,NA,"""BIRD RELASED ON POND #1 AFTER BANDING""",
1337-44761,1984-07-24,p1,"MRM,JEG,JMS,JTJ",caught by dogs while drive trapping ,NA,
1337-44761,1984-08-01,p1,JEG,feeding with 1 unmarked mallard ,NA,
1337-44761,1984-08-08,p125,MRM ,"with 3 males and 3 females (all marked) (blue y-white y, white y-blue y, white y-white y) banded pd #6753 banded pd#6753 banded pd #1",NA,
1337-44761,1984-08-09,p125,JEG,"feeding with 9 other yng (3 marked) (blue tri-orange disc, blue y-white y, white y- blue y) banded pd 125",NA,
1337-44761,1984-08-14,p125,MRM,NA,NA,
1337-44761,1984-08-16,p125,JEG,NA,NA,
1337-44761,1984-09-06,p65,MRM,"(w/ 2 unmarked females and 1 male yng?""",NA,
1337-44761,1984-09-14,p65,MRM,(w/ 1 unmarked female),,
1337-44762,NA,NA,NA,NA,"""BIRD RELEASED ON POND #1 AFTER TAGGING""",
1337-44762,1984-07-26,P125,JEG,with white y-orange y,NA,
1337-44762,1984-08-01,p125,JEG,NA,NA,
1337-44762,1984-08-02,p1,JEG,NA,NA,
1337-44762,1984-08-08,p125,MRM,"with 3 males and 3 females (all marked) (white y- blue y, white y-white y, blue y-blue y) banded pd #6753, banded pd#1 banded pd #6753",NA,
1337-44762,1984-08-09,p125,JEG,"with 9 other yng (3 marked) (blue tri-orange disc, white y-blue y, blue y-blue y",NA,
1337-44762,1984-08-14,p125,MRM,NA,NA,
1337-44762,1984-09-06,p25,MRM,(w/ unmarked yng female),NA,
1337-44762,1984-09-14,p25,MRM,(w/ unmarked female),NA,
1337-44763,NA,NA,NA,NA,"""BIRD RELEASED ON POND #1 AFTER TAGGING""",
1337-44763,1984-07-24,p1,"JTJ,JMS,MRM,JEG",caught by dogs while drive trapping ,NA,
1337-44763,1984-08-01,p1,JEG,alone,loafing in shore veg.,
1337-44763,1984-08-08,p125,MRM,"with 3 males and 3 females (all marked) (blue y-white y, white y- white y, blue y-blue y) banded pd#6753 banded pd#1 banded on pd#6753",NA,
1337-44763,1984-08-09,p125,JEG,"with 9 other yng (3 marked) (blue tri-orange disc, blue y- white y, blue y-blue y) ",NA,
1337-44763,1984-08-14,p125,MRM,NA,NA,
1337-44763,1984-08-16,p125,JEG,NA,NA,
1337-44763,1984-08-30,p125 - flew to p1,JEG,with 6 other yng (non marked),NA,
1337-44763,1984-09-06,p125,MRM,(with 4 other yng? (2 males and 2 female- 1 male w/ leg band)),NA,
1337-44763,1986-06-06,"midpoint of North fence, East block","JBI, RGC",DEAD,caught in fence and scavanged. nasal tags intact,
1337-44765,1984-08-08,p125,MRM,"with three males and 3 females (all marked) (blue y-white y, white y- blue y, blue y-blue y) banded on pd#6753 banded on pd #6753 banded on pd #6753","When they list the markings, I think that the ponds they were banded on are presented respectively ",
1337-44765,1984-08-16,p125,JEG,NA,NA,
1337-44765,1984-08-28,p26,"JMS,JTJ",NA,NA,
1337-44765,1985-09-11,pond #3670,RGC,with 2 females mallard (NT) and 2 male mallards (no pairs),,
1337-44770,NA,NA,NA,NA,there are no data entries on this page ,
1337-44771,1984-07-26,p1,JEG,feeding with unmarked mallard ,NA,
1337-44771,1984-08-14,p1,"MRM,JTJ,JEG",caught by dog - DIED probably from injuries (munched by dog),NA,
1337-44771,1984-08-01,p1,JEG,alone,NA,
1337-44771,1984-08-30,pond #4857,JEG,feeding with 1 unbanded ad. male mallard ,NA,
1337-44773,1984-08-02,p65,"JMS,JTJ,MRM",NA,NA,
1337-44773,1984-08-14,p50,MRM,NA,NA,
1337-44773,1984-08-28,p26,"JMS,JTJ",NA,NA,
1337-44773,1984-08-30,p25,JEG,feeding wth 3 other mallards (one with a leg band),NA,
1337-44773,1984-09-06,p26,MRM,(with unmarked female yng)(bill dark like adult),NA,
1337-44773,1985-05-06,S of 79 (across road),JEG,feeding with male ,NA,
1337-44773,1985-05-16,p66,JMS,with male,NA,
1337-44773,1985-05-23,p65,JMS,with male (banded on right leg),NA,
1337-44773,1985-05-27,p66,JEG,with male ,NA,
1337-44773,1985-05-30,p66,JMS,with male ,NA,
1357-20122,NA,NA,NA,NA,"""This bird was originally banded and nasal tagged on 11 June 1982. Pond #65 was drive trapped on 24 July 1984 and this bird was caught but her original nasal tag (yellow sq-white sq) was gone. She was tagged with a new combination (yellow tri- white disc). REFER TO PAGE 20 FOR ALL OBSERVATIONS"", refer to row 129 in this spreadsheet",
1337-44774,NA,NA,NA,NA,there are no data entries on this page ,
1337-44777,NA,NA,NA,NA,there are no data entries on this page ,
1337-44786,1984-08-14,p65,"MRM,JTJ,JEG",NA,"""caught by dog and released""",
1337-44787,NA,NA,NA,NA,there are no data entries on this page ,
1337-44790,NA,NA,NA,NA,"""From same brood as: blue tri-orange disc (L. female) 1337-44792 (L. male)",
1337-44791,NA,NA,NA,NA,"""From same brood as: orange tri- white disc (L. female) 1337-44792 (L. male)",
1337-44791,1984-08-09,p125,JEG,"feeding with 9 other young (3 marked) (blue y-white y, white y-blue y, blue y-blue y)",NA,
1337-44796,1984-09-06,p25,MRM,alone,NA,
1337-44775,1984-08-14,p25,"MRM,JTJ,JEG",NA,caught by dog- nasal tagged ,
1337-44775,1987-05-26,on road South of NWA to (main grid) St Denis +/- 200m,RGC,paired ,NA,
1337-44800,1984-08-23,p1,JTJ,NA,"""RELEASED ON POND #1""",
1337-44805,1984-08-23,p1,JTJ,with 1 yng (IIa),"""RELEASED ON POND #1""",
1337-44807,NA,NA,NA,NA,there are no data entries on this page ,
1337-44818,1986-04-22,p25,RGC,paired ,NA,
1337-44818,1986-04-30,p27,RGC,w/ mate,NA,
1337-44818,1986-05-29,n52,RGC,nesting 9 eggs ,NA,
1337-44818,1986-06-12,n52,RGC,"8 eggs hatched, 5 young web-tagged",NA,
1357-20133,NA,NA,NA,NA,"""This bird was originally banded and tagged on 15 June 1982. See page 26. When trapped on 21 May 1985 her original nasal tag (orange sq-white sq) was gone. She was tagged with a new combination (yellow sq-red sq). Not seen in 83 or 84"", refer to row 141 in this speadsheet ",
1357-20133,1985-07-11,p90,"TGJ,AMT",alone,"""acting broody""",
1357-20133,1986-05-14,n4,RGC,Nesting,"""trapped on nest near pipping (13 eggs)""",
1357-20133,1986-05-24,n4,RGC,female not present. Successful hatch of 11 eggs. 1 egg did not pip and 1 egg was lost,NA,
1357-20101,NA,NA,NA,NA,"""This bird was originally banded and tagged on 7 June 1982. When trapped on 28 May 1985 her original nasal tag (yellow disc-black disc) was missing. She was tagged with a new combination (red sq-black sq)"", ""REFER TO PAGE 16 FOR ALL OBSERVATIONS"", refer to row 98 of this spreadsheet",
1337-44555,1986-05-13,Temp pond =50 m E of main grid about 200 m S of SW corner of East block,GWB,w/mate,NA,
1337-44566,1986-04-11,p6751,RGC,paired ,w/mate,
1337-44566,1986--04-17,p6751,RGC,paired ,w/mate,
1337-44567,NA,NA,NA,NA,there are no data entries on this page ,
1337-44568,1986-05-29,p15 dugout (not far from 85 nest site),RGC,w/8 class I ducklings (100% ID),NEST NOT FOUND IN 1986,
1337-44568,1987-04-28,p67,GWB, paired ,NA,
1337-44568,1987-07-03,n93,RGC,trapped on nest ,successful- 9 ducklings web tagged,
1337-44569,NA,NA,NA,NA,"""SHOT, OCT 14/85, AT CONSORT AREA, ALBERTA""",
1337-44570,1985-08-07,p66,"TGJ, JBI",NA,NA,
1337-44570,1985-08-08,p66,"TGJ, JBI",NA,NA,
1337-44570,1985-08-15,p66,"TGJ, JBI",NA,NA,
1337-44570,1986-06-25,n86,"TGJ, AMT",NA,"""NEST TRAPPED- GIVEN NEW TAG COMBINATION AS ABOVE- NEST WAS SUCCESSFULLY HATCHED, SAVE 2EGGS OUT OF 9"", ""NEW COMBINATION IS BLUE TRI-BLUE TRI""",
1337-44571,1985-07-08,p65,"EHD,AMT",alone,"""-on land"", ""shot 5 miles East of Clarksdale Miss. 8 Jan '86""",
1337-44572,NA,NA,NA,NA,there are no data entries on this page ,
1337-44573,1985-07-11,p120,"TGJ,AMT",witht 3 young,"""(about 17 days old)""",
1337-44573,1986-04-09,p125,"RGC, GWB",paired ,":w/ another pair (NT) standing on ice"", I think NT means not tagged",
1337-44573,1986-05-07,pond 4857,RGC,w/ 2 males,NA,
1337-44573,1986-05-13,p6,GWB,with male ,NA,
1337-44573,1987-04-22,p66,GWB,paired ,NA,
1337-44573,1987-04-22,p66,GWB,paired ,NA,
1337-44573,1987-05-27,p70,RGC,paired ,NA,
1337-44573,1987-05-28,p70,"GWB,AMW",paired ,NA,
1337-44573,1987-06-10,p71,RGC ,alone,feeding at S side of 71,
1337-44573,1987-09-03,p25,RGC ,Excellent observability with 2 class IIa or b ducklings,NA,
1337-44573,1987-09-30,p25,RGC ,NA,"""Alone""",
1337-44573,1987-10-14,p25,RGC ,paired ,NA,
1337-44573,1988-07-20,p25,NA,NA,"""recap in drive trap renasal tagged white circle-blue y (975g, 278mm)",
1337-44573,1988-07-21,p25,census,NA,"""w/10IIb""",
1337-44573,1988-07-28,p25,KDW,NA,"""w/5II""",
1337-44573,1988-08-04,p25,KDW,NA,"""w/5IIb""",
1337-44573,1988-08-11,p25,BP,NA,"""w/4IIc""",
1337-44573,1989-04-26,p25,RGC ,paired ,NA,
1337-44573,1989-04-27,p25,RGC ,paired ,NA,
1337-44573,1989-05-03,p25,KDW,paired ,NA,
1337-44573,1989-05-04,p25,KDW,paired ,NA,
1337-44573,1989-05-05,p25,RGC ,paired ,NA,
1337-44573,1989-05-07,p25,RGC ,paired ,NA,
1337-44574,NA,NA,NA,NA,there are no data entries on this page ,
1337-44575,1985-08-15,p97,"RGC,AMT",NA,"""can fly""",
1337-44575,1985-08-29,pond #5335,RGC,NA,"""with large flock of mallard /pintail (about 200 birds)""",
1337-44575,1986-04-11,p94,RGC,paired ,NA,
1337-44575,1986-04-17,p97,RGC,w/ mate ,NA,
1337-44575,1986-04-18,p97,RGC,w/ mate,NA,
1337-44575,1986-04-19,p97,RGC,w/ mate ,NA,
1337-44580,NA,NA,NA,NA,there are no data entries on this page ,
1337-44581,NA,NA,NA,NA,"""SHOT JAN 3/'86 AT REX HANCOCK W.M.A, ARKANSAS""",
1337-44582,NA,NA,NA,NA,there are no data entries on this page ,
1337-44584,NA,NA,NA,NA,there are no data entries on this page ,
1337-44951 +CB,1986-08-01,pond 1 E,JBI,NA,NA,
1337-44951 +CB,1987-07-09,p67,RGC,alone,"""acting brood and presistent quacking""",
1337-44951 +CB,1987-07-11,15:45 p67,RGC,alone,"""as above""",
1337-44951 +CB,1987-07-11,18:00 p67,MLG,female brought to Mark by lab (dog). Released in good condition female was roughly in shrub on West slope of pond 67,this status and comment overlap,
1337-44951 +CB,1987-07-20,p67,GWB,female w/ 2 Ic +/- ducklings,,
1337-44953+CB,NA,NA,NA,NA,there are no data entries on this page ,
1337-44956 +CB,1986-06-03,n12,RGC,"Nest hatched, web tagged 8 ducklings. This female was web tagged (A0207) at nest #32 on 4 June 1985",comments and status overlap on page ,
1337-44956 +CB,1987-04-16,1 W,RGC,paired ,"""has been seen (presumably the same female) several times (54) on pond 125N"" , not sure about the writing of the ""54""",
1337-44956 +CB,1987-04-20,125N,RGC,paired ,"""has been seen (presumably the same female) several times (54) on pond 125N"" ",
1337-44956 +CB,1987-04-23,South of 60 at gate to West block (pond at gate),RGC,paired ,NA,
1337-44957+CB,1986-06-03,n67,"RGC,JBI",pipping,"""hatched when visited by RGC/JBI on 4 June""",
1337-44975+CB,NA,NA,NA,NA,there are no data entries on this page ,
1337-44980 + yellow band ,1987-07-01,Nest #101 (abandoned),RGC,nesting,"""Nesting South of bluff 129 on hill top in hayfield. Clutch size was 7 when found and is now 3. Hatch date of 3 July +/-. Weight 860;wing chord 278mm, yellow band too tight and was removed",
1337-44980 + yellow band ,1988-04-30,p97,RGC,female and banded male (1337-        ) captured in same cell of a decoy trap on pd 97. female mass 1130g/ wing278mm and pre-laying status male mass 1080 and possible ASY male,NA,
1337-44993+yellow CB,1987-05-16,n4,"MLG,RGC",nesting,"""accidentally killed by halothane overdose"" ""DEAD"", the drug name was hard to read",
1337-44995+CB,1987-04-22,p84,GCG,paired ,NA,
1337-44996+CB,1986-06-21,n66,RGC,continuing pipping,"""nest hatched when checked by GWB on 23 June/86""",
1337-44996+CB,1988-05-12,pd 1255,RGC via MLG,paired ,NA,
1337-44996+CB,1988-05-12,pd 1255,MG,paired ,NA,
1337-44996+CB,1988-05-16,p20,RGC via MLG,NA,"""come as a pair to feed""",
1337-44996+CB,1988-05-16,p20,MLG,paired ,NA,
1337-44996+CB,1988-05-26,pd 1255,MLG,NA,NA,
1337-44996+CB,1988-06-02,pd 1255,MLG,paired ,"MLG sometimes just written as ""MG""",
1337-44999,1986-06-25,n124,"GCG,AMT,JBI",pipping,"""hatched when visited by GWB and AMT on 26 June""",
1337-45000+CB,NA,NA,NA,NA,there are no data entries on this page ,
1447-40101,1986-07-12,n146,RGC,pipping,"""nest hatched when visited by RGC on 14 July""",
1447-40101,1988-06-04,p25,NA,NA,NA,
1447-40101,1988-06-20,n49,NA,NA,"""nest trap (spring)""",
1447-40101,1988-06-30,n49,NA,NA,"""nest abandoned""",
1447-40103+CB,1986-10-01,p25,GCG,NA,NA,
1447-40103+CB,1987-04-23,p67,"RGC,GWB",likely paired ,"""male caught in decoy trap- (banded and colour banded) female stayed near trap and gave persistent quacking- could be her mate""",
1447-40103+CB,1987-06-10,p67,"RGC,GWB",paired (w/male),NA,
1447-40104+CB,1986-07-18,n158,RGC,hatched ,"""web tagged 5 (of 7) ducklings""",
1447-40107+CB,1987-05-08,125n,GWB,paired,NA,
1447-40107+CB,1987-05-12,125n,RGC,paired,NA,
1447-40107+CB,1987-05-14,125n,RGC,paired,NA,
1447-40107+CB,1987-05-16,field west of 125n,RGC,w/male,"""feeding in seeded spring wheat field male is banded right, but no colour band""",
1447-40107+CB,1988-04-18,pond 125n,RGC,paired,NA,
1447-40107+CB,1988-04-22,pond ,GCG,w/male,does not include pond number ,
1447-40107+CB,1988-04-23,pond 1 W,RGC,w/male,"""male not banded""",
1447-40107+CB,1988-04-25,pd 125n,RGC,paired,NA,
1447-40107+CB,1988-04-27,pd 125n,RGC,paired,"""yellow CB""",
1447-40107+CB,1988-04-28,pd 125n,RGC,paired,"""yellow CB""",
1447-40107+CB,1988-05-05,p125N,GWB,paired,NA,
1447-40107+CB,1988-05-17,p125N,MLG,paired,NA,
1447-40107+CB,1988-05-25,p125N,RGC,paired,NA,
1447-40107+CB,1988-05-30,p125N,NA,NA,NA,
1447-40107+CB,1988-06-13,p125N,RGC,NA,NA,
1447-40107+CB,1988-06-14,p125N,MLG,alone,NA,
1447-40108,NA,NA,NA,NA,there are no data entries on this page ,
1447-40110,1986-06-03,n12,RGC,NA,"""web tagged in nest (A937)""",
1447-40110,1986-08-17,pond 1,RGC,NA,"""Nasal tagged (wt=980g) caught in bait trap""",
1447-40129 + red band left,1987-04-15,pond 1 E,RGC,paired,"""(no red CB seen)""",
1447-40129 + red band left,1987-06-23,pond 1 W,MLG,alone-feeding,NA,
1447-40129 + red band left,1988-04-27,p70,RGC,paired,"""no CB""",
1447-40129 + red band left,1988-04-28,p70,RGC,paired,"""no CB""",
1447-40129 + red band left,1988-04-30,pond 1 W,RGC,paired,NA,
1447-40129 + red band left,1988-05-03,pond 1,GWB,paired,NA,
1447-40129 + red band left,1988-05-23,pd 1 (S end),NA,NA,NA,
1447-40129 + red band left,1988-06-25,pd 1,"RGC,MLG",nesting,"""at nest SW island""",
1447-40129 + red band left,1988-06-29,n85,"GCG,GWB",NA,"""hatched""",
1447-40129 + red band left,1989-04-28,pd 1,RGC,paired,NA,
1447-40129 + red band left,1989-05-01,pd 1,"RGC, KDW",paired,NA,
1447-40131 + red band left,NA,NA,NA,NA,there are no data entries on this page ,
1447-40145,1987-07-07,p67,RGC,with male ,NA,
1447-40148,1987-04-28,p50,RGC ,paired,NA,
1447-40148,1987-05-07,p50,RGC ,paired,NA,
1447-40148,1987-06-16,n72 (successful),RGC,captured at nest NE of pond 50 with 7 eggs. Weight 850g;wing 272mm,NA,
1447-40148,1987-06-17,n72,RGC,nest hatched,"""7 ducklings tagged: CWS 2344 to CWS 2349 inclusive and CWS 2351""",
1447-40148,1987-06-23,p50,AMW,w/ 6 Ia's,NA,
1447-40148,1987-06-30,p50,AMW,w/ 5 III,NA,
1447-40164+red CB,NA,NA,NA,NA,there are no data entries on this page ,
1447-40160+red CB,1987-07-09,n112,"RGC, MLG",renesting,"""Captured at renest. 9 eggs (wt:88g; wing 284mm)"", ""Eggs destroyed when near pipping. Female was unsuccessful twice in 1987""",
1447--40183+red CB,1989-04-27,pd. 6753,RGC,paired,NA,
1447--40184+red CB,1987-05-29,p67 (NE),RGC,paired,NA,
1447--40191+red CB,NA,NA,NA,NA,there are no data entries on this page ,
1447--40192+red CB,1988-06-04,pd 125 N,NA,NA,,
1447--40192+red CB,1988-06-07,pd 125 N,NA,NA,,
1447--40192+red CB,1988-06-09,pd 125 N,NA,NA,,
1447--40192+red CB,1988-06-09,pd 125 N,NA,GCG,"""red collar band""",
1447-40180,NA,NA,NA,NA,there are no data entries on this page ,
1447-40201+red band ,NA,NA,NA,NA,there are no data entries on this page ,
1447-40202,1988-04-30,pond 79 SW,RGC,paired ,NA,
1447-40203 +red band ,1987-06-28,NA,RGC,captured,"""nest abandoned following predation of 2 eggs by Franklin's Gound Squirrels. Eggs incubated (7) at PMBRC and ducklings raised""",
1447-40203 +red band ,1988-04-13,p 125 S,RGC,paired,NA,
1447-40203 +red band ,1988-04-15,p 125 S,RGC,w/male,NA,
1447-40203 +red band ,1988-04-18,p 125 S,RGC,w/male,NA,
1447-40203 +red band ,1988-04-25,pd 98,RGC,w/male,red CB,
1447-40204,NA,NA,NA,NA,there are no data entries on this page ,
1447-40205,1988-07-28,pd 65 S,NA,NA,NA,
1447-40205,1988-08-11,pd 65 S,RGC,NA,NA,
1447-40206 +red band ,NA,NA,NA,NA,there are no data entries on this page ,
1447-40207 +red band ,NA,NA,NA,NA,there are no data entries on this page ,
1447-40208 +blue band ,1987-07-13,NA,NA,NA,"""captured with adult female 1447-40209""",
1447-40209 +red band ,1987-07-13,NA,NA,successful hen?,"""captured in bait trap with a female 2B mallard (not nasal tagged)- this adult hen's duckling likely. (see 1447-40208)""",
1447-40212 +blue band ,NA,NA,NA,NA,"""NOTE this bird was from an egg laid in nest #26 (1987) and was incubated artificially at PMBRC. Bird had long exposure to pond I, but has no exposure to a nest site. Released 21/07/87 (pond 1)""",
1447-40218 +blue band ,NA,NA,NA,NA,"""NOTE this bird was from an egg laid in nest #26 (1987) and incubated artificially at PMBRC. It hd a long exposure to pond I, but no exposure to a nest site, released 21 July 1987, pond I. CWS band left, blue colour band right.""",
1447-40218 +blue band ,1988-04-23,pond 1 (SW),RGC,paired,NA,
1447-40218 +blue band ,1988-04-28,pond 25 N,RGC,w/male,NA,
1447-40218 +blue band ,1988-04-29,pd 79E,NA,NA,"""decoy trap""",
1447-40218 +blue band ,1988-04-30,pd 67,RGC,paired ,NA,
1447-40218 +blue band ,1988-06-23,on nest ,KDW,NA,"does not specify nest number, however nest 26 is circled on the map",
1447-40219,NA,NA,NA,NA,"""NOTE this bird was from an egg laid in nest #4 (1987) and artificially incubated at PMBRC. It has long exposure to pond 1, but no exposure to a nest site. Released 21/07/87, pond 1""",
1447-40241,1988-05-05,p70,RGC,paired ,"""male banded + white C1B, female band on right""",
1447-40120,NA,NA,NA,NA,"""Hen was banded originally as a HY female in 1986 on pond 1. Recaptured 22 April/88 and green nasal tags""",
1447-40120,1988-05-11,pd67,RGC via MLG,paired,NA,
1447-40120,1988-05-11,pd67,MLG,paired,NA,
1447-40120,1988-05-25,pd67,MLG,paired,NA,
1447-40120,1988-06-19,pd50,NA,NA,NA,
1447-40120,1989-05-25,pd20,RGC,paired,"""white CB""",
1447-40120,1991-06-07,n24,BRW,on nest,"""captured- 5 yr old""",
1447-40120,1992-05-08,WEST 8 (hatch),RDD,on nest,NA,
1447-40120,1993-04-22,pd19,RGC,paired,NA,
1447-40120,1994-07-21,E of pd 66,VL/LH/SR/JF,on nest,"""Note: new nasal markers are Br. O/Br.y"", I think they mean brown circle-brown y",
1447-40120,1995-04-20,pd67,RGC,paired,NA,
1447-40120,1995-04-21,pd67,SWL,PR,"""@1847""",
1447-40120,1995-04-23,pd67,SWL,PR,"""@1630""",
1447-40120,1995-05-04,pd67,STR,PR,"""@0815""",
1447-40120,1995-05-11,pd67,STR/RW,PR,"""@0920""",
1447-40120,1995-07-07,pd79E,SWL,PR,"""@1255""",
1447-40120,1995-07-12,NE pd66/pd67,STR/SWL,on nest #303,"""@1140 hrs flushed from nest to pd 67 where female was identified""",
1447-40251,1988-05-06,pd50,RGC via MLG,paired,NA,
1447-40251,1988-05-14,pd67,NA,NA,NA,
1447-40251,1990-06-07,pd 4439,RGC,paired ,NA,
1447-40211,1988-04-28,pd25,RGC,decoy trapped,"""nasal tagged, captive-reared in 1987""",
1447-40257,1989-06-01,pd50,RGC,paired,"""leg band on right""",
1447-40257,1989-06-17,pd25,RGC,paired ,NA,
1447-40257,1990-04-16,pd25,RGC,paired ,"""pair and 1 spare, SE side pd25""",
1447-40257,1990-05-05,pd25,RGC,paired ,NA,
1447-40257,1990-05-10,pd25,RGC/ABD,paired ,NA,
1447-40265,NA,NA,NA,NA,"""Hen was web-tagged at nest #12 in 1986""",
1447-40265,1988-05-01,pd65,NA,NA,"""decoy trap 10109 274mm""",
1447-40278,1988-05-13,pd50,RGC,NA,"""counted""",
1447-40278,1988-05-26,pd50,RGC,NA,NA,
1447-40278,1990-04-16,pd50,RGC,NA,"""paired""",
1447-40278,1990-04-30,pd50,RDD,NA,"""paired""",
1447-40278,1990-05-17,pd50,ABD,pair,NA,
1447-40278,1990-05-21,E of pd50 (in stubble),RGC,pair,"""hen no CB (male-black CB)""",
1447-40278,1990-05-24,pd50,RGC,pair,NA,
1447-40278,1990-06-06,on nest 071 (destroyed),RDD/RGC,NA,NA,
1447-40128,1988-05-09,295,NA,NA,"""recap mass 1210 wing 279mm"", 295 could also be 795, handwriting unclear",
1447-40289,NA,NA,NA,NA,there are no data entries on this page ,
1447-40295,1988-05-10,pond 79E-S,NA,NA,"""captured with male 1447-40294""",
1447-40295,1988-05-28,S of 79 E,RGC,NA,"""recpture""",
1447-40295,1989-04-25,pd-79E,RGC,paired,NA,
1447-40295,1989-04-27,pd-79E,RGC,paired,NA,
1447-40308,1992-05-12,pd113,BKW,pair,NA,
1447-40313,NA,NA,NA,NA,there are no data entries on this page ,
1447-40174,1987-05-19,n26,NA,NA,"""AHY red CB mass 980g wing 278mm no nasal tag"", ""abandon after trap""",
1447-40174,1988-06-21,n50,NA,NA,"""nest trapped and nasal-tagged mass 960g/wing 283mm""",
1447-40174,1988-06-22,n50 S of pd 20,"GCG,RGC",eggs pipped,"""abandoned 22-June/88""",
1447-40174,1989-05-05,pd 1 E,KDW,paired,NA,
1447-40174,1990-05-21,pd20,"RDD,RGC",in decoy trap-no nasal tags-new set put on female,"""see 2 pages forward""",
1447-40174,1987-05-19,n26 (9 egg clutch),MLG,"nesting female was banded only, mass 980g wing 278mm","""female abandoned w/+/- 27 days incub. Eggs were hatched artificially young were raised and released. Two females were observed/captured and/or nested in later years. E.G. yellow triangle-white y""",
1447-40174,1988-06-21,n50 (started with 8 egg clutch),CLARK,nesting,"""female abandoned w/ pipping eggs, mass 960g wing 283mm""",
1447-40174,1989-05-05,pond 1 E,KDW,paired,NA,
1447-40174,1990-04-26,pd20,RGC,paired,NA,
1447-40174,1990-05-03,pd20,RGC,paired,NA,
1447-40174,1990-05-10,pd20,RGC/ABD,NA,NA,
1447-40174,1990-05-21,pd20,RGC/RDD,in decoy trap-no nasal tags-new set put on female,NA,
1447-40331,1988-06-24,n23,RGC,NA,"""hatched""",
1447-40331,1990-04-26,p20,MLG,paired,NA,
1447-40331,1990-05-17,field S of driveway,MLG,NA,NA,
1447-40332,1988-07-08,n99,RGC,NA,"""hatched""",
1447-40332,1990-06-06,nest 070,RGC/RDD,dead (within 2 days),"""wing 261, head and bill 109.4, 8 eggs""; ""nasal tags removed web tag # A0275 white CB""",
1447-40373,1989-04-20,pd 25,RGC,paired ,NA,
1447-40373,1989-04-26,pd 35,RGC,paired ,NA,
1447-40373,1989-04-27,pd 35,RGC,paired ,NA,
1447-40373,1989-05-12,pd 35,CJF,paired ,"""nest #27 hatch 6 yng 19 June 1989""",
1447-40373,1989-06-20,pd 25,RGC,w 4 Ia's,NA,
1447-40373,1990-05-14,nest 006,DF,7 eggs 0 incubation ,NA,
1447-40373,1990-06-10,nest 006,"RDD,RGC",8 eggs hatched ,NA,
1447-40373,1990-08-09,pd 25,RGC,3 III's,NA,
1447-40412,NA,NA,NA,NA,there are no data entries on this page ,
1447-40416,1989-06-20,pd26,RGC,w 6 IB,NA,
1447-40416,1989-06-21,pd20,RGC,w 6 IB,NA,
1447-40416,1989-06-24,pd25,KDW,w 6 IB,NA,
1447-40416,1989-07-03,pd25,RGC,w 6 Ic's,NA,
1447-40416,1989-07-20,pd25,GCG,w 5 IIa,NA,
1447-40416,1989-07-28,pd20,KDW,"""+/- 3 young""",NA,
1447-40416,1990-04-24,pd66,RGC,paired ,NA,
1447-40417,1990-06-09,pd 1 W,RGC,paired,NA,
1447-40417,1990-06-16,pd 1 W,RGC,paired,NA,
1447-40417,1990-07-08,nest #100,"RDD,RGC",nesting,"""abandoned nest (9 July 90)""",
1447-40417,1991-04-12,pd 1 W,RGC,paired,NA,
1447-40417,1991-04-18,pd 1 W,RGC,paired,NA,
1447-40417,1991-04-21,pd 1 W,RGC,paired,NA,
1447-40417,1991-04-25,pd 1 W,RGC,paired,NA,
1447-40417,1991-06-10,n25,RGC,captured on nest ,NA,
1447-40417,1992-04-22,pd66,GCG,paired ,NA,
1447-40417,1992-05-12,n15,RDD,on nest ,NA,
1447-40418,NA,NA,NA,NA,there are no data entries on this page ,
1447-40419,1985-07-22,pd50,NA,class Ia duckling- web tag A0274,NA,
1447-40419,1990-04-30,pd1,RGC,paired,"""green CB""",
1447-40419,1990-05-05,pd26,RGC,paired,NA,
1447-40419,1990-05-06,in stubble S of pd24,RGC,NA,NA,
1447-40419,1990-05-09,pd26,RDD,NA,NA,
1447-40419,1990-06-01,nest 045,NC,NA,NA,
1447-40419,1990-06-07,nest 045,RGC,25 days incubation ,NA,
1447-40419,1990-06-09,nest 045,RGC,11 hatched,NA,
1447-40419,1990-08-16,pd65,RDD,w/146 mallards,NA,
1447-40419,1991-05-17,decoy trap (pd27),RDD,paired,NA,
1447-40419,1991-06-17,n44,RGC,"captured on nest 945g, 265 wing, HB 108.9",NA,
1447-40419,1992-06-01,n81,RGC,NA,"""West of pd 28 in shrub patch""",
1447-40420,1989-07-03,pd20,RGC,w 8 Ia's,NA,
1447-40420,1990-06-01,nest 021,"CJF,RDD",2 eggs hatched ,NA,
1447-40420,1991-04-08,pd 1 (E),RGC,paired - male banded and black CB,NA,
1447-40420,1991-04-11,pd 1 (E side),RGC,paired - male banded and black CB,NA,
1447-40420,1991-04-25,pd 1 (E),RGC,paired - male black CB,,
1447-40420,1991-05-16,island,RDD,Nest #10,NA,
1447-40420,1991-05-28,island,RDD,Nest #10 (H),"""mist net web tag 10 (hatch yes)""",
1447-40420,1992-05-25,n55 (H),RGC,NA,NA,
1447-40420,1993-04-15,pd1,RGC,paired,"""NNE tip of island""",
1447-40420,1993-04-22,pd1,RGC,"paired- male is banded, right leg",NA,
1447-40420,1993-05-08,pd1 nest 008,RGC,on nest,11 eggs,
1447-40420,1993-05-14,nest 008,RGC,on nest,NA,
1447-40420,1993-05-22,nest 008,RGC,on nest,NA,
1447-40420,1993-05-27,nest 008,RGC et al.,on nest,NA,
1447-40420,1993-05-28,nest 008,RGC,hatched and alone,NA,
1447-40420,1995-05-21,nest 21 (ISL),"RGC, SWL",female DEAD (propofol complications),"""95 update nest-island female killed overdose of propofol anesthetic""",
1447-40425,1989-08-07,pd1,KDW,NA,NA,
1447-40425,1989-08-10,pd1,RDD,NA,NA,
1447-40425,1989-08-16,pd1,RDD,NA,"""NO colour band""",
1447-40425,1989-08-17,pd1,CJF,NA,NA,
1447-40425,1990-04-20,pd1 E,RGC,paired,"""band right, no colour band""",
1447-40425,1990-05-17 (12:30),"Nest #19, Island pd 1, middle of W bluff",RGC,8 days incubation,"""11 eggs""",
1447-40425,1990-05-21,Nest 019,"MLG,NC",contin. incubation,"""installed microclimate sensor""",
1447-40425,1990-05-28,Nest 019,MLG,22 days incubation,"""removed microclimate sensor""",
1447-40425,1990-06-02,Nest 019,"RGC, WBD",hatched,"""9 young/2eggs""",
1447-40425,1991-04-21,pd 1 W,RGC,paired ,NA,
1447-40425,1991-04-25,pd 1 W,RGC,paired ,NA,
1447-40427,1989-08-07,pd 1,KOW ,NA,NA,
1447-40427,1989-08-10,pd 1,RDD,NA,NA,
1447-40427,1989-08-16,pd 1,RDD,NA,NA,
1447-40427,1989-08-17,pd 1,CJF,W 3 III,NA,
1447-40427,1990-05-06,pd 1,RGC,pair,NA,
1447-40427,1990-05-07,pd 1 (decoy trap),CFJ/RDD,NA,NA,
1447-40361,1990-04-27,pd 1,RGC,paired,red CB,
1447-40361,1990-05-01,pd 1 ,RGC,paired ,NA,
1447-40361,1990-05-06,pd 1,RGC,paired,NA,
1447-40361,1990-05-27,pd 1 W,RGC,paired,NA,
1447-40361,1990-05-28,Nest 009,MG,7 eggs,NA,
1447-40361,1990-06-21,pd 35,ABD,paired,NA,
1447-40361,1990-06-06,nest 009,MG,25 days inc.,NA,
1447-40361,1990-06-08,nest 009,CJF,pipped,(Hatch),
1447-40361,1990-06-09,nest 009 ,CJF,5 cracked from eggs,(Hatch),
1447-40361,1990-08-16,pd 65,RDD,w/ 146 mallards,NA,
1447-40361,1991-06-08,Nest 8,RGC,captured on nest,(Hatch),
1447-40361,1992-05-14,pd 10,RDD,alone,NA,
1447-40361,1992-07-06,pd 1,RGC,8 IIB,NA,
1447-40361,1992-07-13,pd 1,RDD,8 III,NA,
1447-40361,1992-07-30,pd 1 ,RGC,8 III,NA,
1447-40361,1992-05-27,nest #1,NA,NA,NA,
1447-40361,1993-04-15,pd 1 ,RGC,paired,NA,
1447-40361,1993-04-15,pd 1 W,RGC,paired,NA,
1467-52216,1991-06-13,nest 16 ,RGC,captured on nest 838 g Wing = 275 HB =112.2,Hatched 15 June 1991,
1467-52216,1991-07-04,pd 66,RGC,paired,NA,
1467-52216,1992-05-27,pd 4857,RDD,paired,NA,
1467-52216,1992-05-27,nest #4,RDD,NA,Captured on nest 802 g - escaped; sticky note: probable TBL?,
1467-52217,1990-08-16,pd 65,RDD,w/ 146 mallards,NA,
1467-52217,1998-12-05,"Trenton, Kentucky",NA,female shot,(No tags on female in 98); sticky note: 99 update 1467-52217 female shot 5 Dec 98,
1467-52219,1990-06-09,pd 1 E,RGC,10 IA's,NA,
1467-52219,1990-06-10,pd 1,RDD,4 IA's ,NA,
1467-52219,1990-06-15,pd 1 E,RGC,7 IB's,NA,
1467-52219,1990-06-21,pd 1 E,RDD,4 IB's,NA,
1467-52219,1990-06-22,pd 1 E,RDD,~ 7 IB's,NA,
1467-52219,1990-06-26,pd 1 W,RGC,6 IB's,NA,
1467-52219,1990-06-27,pd 1,RDD,6 IB's,NA,
1467-52219,1990-07-01,pd 1 E,RGC,6 IC's ,NA,
1467-52219,1990-07-03,pd 1,CJF,6 IC's,NA,
1467-52219,1990-07-06,pd 1 E ,RGC,6 IIA's,NA,
1467-52219,1990-07-08,pd 1 W,RDD,6 IIA's,NA,
1467-52219,1990-07-16,pd 1 E,RDD,6 IIA's,NA,
1467-52219,1990-07-19,pd 1 W,GCG,6 IIB's,NA,
1467-52219,1990-07-23,pd 1 E,CFJ ,6 IIB,NA,
1467-52219,1990-07-30,pd 1 E ,RDD,6 IIC's -III's,NA,
1467-52219,1990-08-09,pd 1 E,RGC,6 III's ,NA,
1467-52219,1991-04-25,pd 1 W,RGC,paired ,NA,
1467-52219,1991-05-30,nest #6 ,RGC,hatched,10 ducklings web tagged,
1467-52219,1991-06-03,pd 1 N,BKW ,w/ 10 IA's,NA,
1467-52220,1991-04-11,pd 79 E,RGC,paired,NA,
1467-52220,1991-04-25,pd 79 E,RGC,paired ,NA,
1467-52221,1990-07-08,pd 65,RGC,alone,NA,
1467-52222,NA,NA,NA,NA,no data ,
1467-52223,1990-08-16,pd 4857,RDD,alone,NA,
1467-52223,1991-04-11,pd 4857,RGZ,paired,NA,
1467-52223,1991-04-13,pd 4857,RGZ,paired,NA,
1467-52223,1991-05-15,on nest ,MG,NA,NA,
1467-52223,1991-05-29,on nest ,RDD,NA,nest 5 (hatched)- captured ,
1467-52223,1991-09-04,pd 79 E,RGC,NA,bait trapped,
1467-52223,1994-06-16,on nest (NW of quanset) *see attached brood OBS. form,MD/SWL,NA,Mist netted (mauser) nasals refilled (BR triangle BR traingle reused),
1467-52224,1991-04-18,pd 65 s,RGC,paired,NA,
1467-52225 ,NA,NA,NA,NA,NA,
1467-52226,1990-07-08,pd 65,RGC,alone,NA,
1467-52227,1993-11-28,"Leshara, Nebraska",hunter,shot,"sitcky note: ""shot update""",
1467-52228,NA,NA,NA,NA,NA,
1467-52229,NA,NA,NA,NA,NA,
1467-52230,NA,NA,NA,NA,NA,
1467-52233,1990-08-09,pd 1 E,RGC,w/ 5 sibilings and mother (green circle orange y),NA,
1467-52233,1990-08-16,pd 1 W,CJF,w/ 5 sibilings and mother (green circle orange y),NA,
1467-52233,1992-06-11,pd 1 ,RDD,pair,NA,
1467-52233,1992-06-15,pd 1 ,RGC,pair,NA,
1467-52233,1992-06-22,pd 1,RGC,alone,NA,
1467-52233,1992-06-24,pd 1,RGC,NA,NA,
1467-52233,1992-07-06,pd 1 ,RGC,alone,"(Note"" mother is green circle orange y, 1467-52219)",
1467-52233,1992-06-24,nest 184,RGC,nest 184,NA,
1467-52237,NA,NA,NA,NA,NA,
1467-52409,1991-05-10,pd 66,RDD,paired,,
1467-52409,1991-05-17,pd 65 s,RGC,paired,,
1467-52409,1991-07-06,on nest 75,RDD,captured 885g wing 271 HB 108.2,SHOT 28/12/91 in Arkansas,
1467-52472,1992-05-23,N of pd 25,?,Dead?,Being eaten by harriers! (Sticky note: update survival dataset Kevin Dufour?),
1467-52446,1992-05-12,pd 113,BKW,paired,NA,
1467-52419,1991-06-20,pd 26,RGC,alone,NA,
1467-52419,1992-05-01,pd 26,RGC,pair,NA,
1467-52465,1992,nest 21 (island),RGC and others,NA,NA,
1467-52465,1993-04-09,pd 1 ,RGC,paired,NA,
1467-52465,1993-04-15,pd 1 E,RGC,paired,NA,
1467-52465,1993-04-17,pd 1 SE,RGC,alone,NA,
1467-52465,1993-04-19,pd 1 E,KDW,paired,NA,
1467-52465,1993-04-22,pd 1,RGC,paired,NA,
1467-52465,1997-04-25,pd 1 W,SWL,PR,@ 1150,
1467-52243,NA,NA,NA,NA,NA,
1467-52271,NA,NA,NA,NA,NA,
1467-52298,1992-05-28,pd 17,RDD,paired,NA,
1467-52298,1992-06-01,nest 76,BKW,on nest,NA,
1467-52473,NA,NA,NA,NA,NA,
1467-52476,NA,NA,NA,NA,NA,
1467-52477,1992-05-23,pd 25,RDD,DEAD,EATEN BY HARRIERS N OF PD 25,
1467-52474,NA,NA,NA,NA,NA,
1467-52475,1992-06-19,pd 1,RGC,alone,NA,
1467-52475,1992-07-06,pd 1,RGC,6 IA's ,NA,
1467-52475,1992-06-09,nest 132,SL,on nest ,NA,
1467-52475,1993-04-19,pd 1 W,KDW,paired,NA,
1467-52475,1993-04-20,pd 1 W,KDW,paired,NA,
1467-52475,1993-05-08,pd 1 SW,BWK et al.,on nest,8 eggs - hatched 28 May,
1467-52475,1993-05-22,nest 007,KGC,on nest ,Addit. check on nest (used scope),
1467-52475,1993-05-27,nest 007,BKW et al. ,on nest ,"Addit. visit - 8 eggs, 1 dead (pipped)",
1467-52475,1993-05-28,nest 007,RGC,hatched + gone,NA,
1467-52475,1993-05-29,pd 1 W,RGC,female - no brood seen,NA,
1467-52475,1993-06-06,pd 1 E,RGC,paired,NA,
1467-52475,1994-05-26,nest 2  (island),RGC,eggs starred,Addit. check - hatched 28 May. Had lost tags. Web tag CWS 438. *See attached brood obs form. ,
1467-52482,1992-04-17,pd 20 ,"Karla Gnyn, Jim Devries ",paired,NA,
1467-52482,1992-05-06,nest 7,RDD,nest,NA,
1467-52482,1992-06-11,pd 18,RDD,paired,NA,
1467-52482,1992-07-02,nest 203,RDD,on nest ,NA,
1467-52482,1993-06-16,pd 15,BKW,paired,NA,
1467-52482,1994-05-03,pd 20 (19:07 hrs),RGC,paired,walked into nest? (shrubs N end SE 20),
1467-52482,1994-05-05,SE pd 20 on road,UL,pr.,@ 1739,
1467-52480,1991-05-30,NATAL Nest #6 ,"RDD, BKW",hatched,mother is green circle orange y 1467-52219,
1467-52480,1991-07-18,pd 1 - PEN,RGC,banded releaseed following 2-3 weeks in pen,NA,
1467-52480,1992-04-17,pd 87,"Karla Gnyn, Jim Devries ",paired,NA,
1467-52480,1992,nest 22 island,NA,NA,hatched,
1467-52480,1992-05-27,pd 1,RDD,alone,NA,
1467-52480,1992-06-20,pd 1,RGC,alone,NA,
1467-52480,1993-04-17,pd 1 ,RGC,paired,NA,
1467-52480,1993-04-22,pd 1 ,RGC,paired,NA,
1467-52480,1993-05-08,nest 010,RGC et al. ,on nest ,10 eggs,
1467-52480,1993-05-14,nest 010,RGC,on nest,Addit. visit ,
1467-52480,1993-05-17,nest 010,BKW et al. ,on nest ,Addit. visit,
1467-52480,1993-05-27,nest 010 ,BWK et al.,on nest ,"hatching 10 eggs, one is late",
1467-52480,1993-05-28,nest 010,RGC,hatched and gone - 1 egg left ,NA,
1467-52480,1993-06-01,pd 1 W,RGC,w/ 5 Ib,NA,
1467-52480,1993-06-18,pd 1 E,RGC,no brood mentioned,NA,
1467-52480,1993-06-20,pd 1 E,RGC,w/ 4 IIa,NA,
1467-52480,1993-06-22,pd 1 E,RGC,w/ 3 IIa,NA,
1467-52480,1993-06-24,pd 1 W,BKW,no brood mentioned (at pd 1 W 3 Ia s seen without hen),NA,
1467-52480,1993-07-07,pd 1 S,BKW,w/ 4 II b,NA,
1467-52480,1993-07-13,pd 1 W,BKW,NA,NA,
1467-52480,1993-07-14,pd 1 W,BKW,w/ 4 II c,NA,
1467-52480,1993-07-24,pd 1 E,BKW,no mention of brood,NA,
1467-52480,1994-04-17,pd 1 NW,RGC,paired,NA,
1467-52480,1994-04-18,pd 1,RGC,paired,NA,
1467-52480,1994-05-04,nest 001,SWL,NA,hatched out 23 May 94 (see nest records). *In 1995 produced 2 recruits (Nest 3 and 62),
1467-52478,1992-05-12,pd 4,RDD,pair,NA,
1467-52478,1992-05-14,pd 1,RDD,pair,NA,
1467-52478,1992-05-11,pd 1 ,RDD,alone,NA,
1467-52478,1992-06-01,nest 79,BKW,on nest ,NA,
1467-52478,1998-06-02,pd 90,EMS,PR,@ 7:00,
1467-52481,NA,NA,NA,NA,NA,